"Photo.Order","Timepoint","Site","Photo.Rep","Photo.Name","ROI.Type","ROI.Rep","ROI.LabelCode","Area","StdDev","Mode","Perim.","Feret","MinFeret","Cal.Length","Mod_Bleached","Sev_Bleached","Partial_Mortality","Cal.nums","Cal.Length.mean","Diameter.circular","Volume.spherical","Geom.Mean.D"
"1","2016_during-bleaching","North","1","IMG_7003.JPG","Pa","1","b",203.202666024509,42.912,113,76.116333449468,22.4970854661914,14.4721678771474,0,"TRUE","FALSE","FALSE","4",298.504,16.0849516622841,2179.00337376766,18.0438797827201
"1","2016_during-bleaching","North","1","IMG_7003.JPG","Pa","2","b",20.5466296790438,33.715,67,19.1305644145472,6.42440302307507,4.95949803017715,0,"TRUE","FALSE","FALSE","4",298.504,5.11476113013968,70.060735225165,5.644627014959
"1","2016_during-bleaching","North","1","IMG_7003.JPG","Pa","3","b",71.2342268744782,39.548,93,47.4546739742181,14.9785262509045,8.28545011122129,0,"TRUE","FALSE","FALSE","4",298.504,9.52356207493929,452.269054332934,11.1401899441386
"1","2016_during-bleaching","North","1","IMG_7003.JPG","Pa","4","b",174.398329267772,36.59,70,73.9993098919947,21.4771661351272,12.972824484764,0,"TRUE","FALSE","FALSE","4",298.504,14.9013707208253,1732.51610500776,16.6918994335912
"1","2016_during-bleaching","North","1","IMG_7003.JPG","Pa","5","b",344.169514436423,39.203,134,233.739815881864,35.5072628842495,27.0415136815587,0,"TRUE","FALSE","FALSE","4",298.504,20.9334716631703,4803.1085185213,30.9866121910598
"2","2016_during-bleaching","North","2","IMG_7005.JPG","Pa","1","b",436.300586435918,37.584,123,150.537112206437,28.841771304949,21.5616678189888,311.885,"TRUE","FALSE","FALSE","3",298.913333333333,23.5693691057133,6855.55304183154,24.937455607751
"2","2016_during-bleaching","North","2","IMG_7005.JPG","Pa","3","bb",20.3236334439535,36.525,235,21.9258201931441,6.3695385507505,4.46406985302317,311.885,"FALSE","TRUE","FALSE","3",298.913333333333,5.08692970204461,68.9232630796761,5.33236017370115
"2","2016_during-bleaching","North","2","IMG_7005.JPG","Pa","4","b",430.05654485963,29.554,104,83.9747418426746,29.258480719049,20.4536878024846,311.885,"TRUE","FALSE","FALSE","3",298.913333333333,23.4001068242744,6708.91272679579,24.4631116214279
"2","2016_during-bleaching","North","2","IMG_7005.JPG","Pa","2","b",220.204592969398,28.261,85,71.8790953899681,22.436971697482,14.9801949282958,311.885,"TRUE","FALSE","FALSE","3",298.913333333333,16.7443481718742,2458.12158248363,18.3333087474394
"2","2016_during-bleaching","North","2","IMG_7005.JPG","Pa","5","b",129.955304461216,34.01,112,51.4764926288556,16.3198474474207,11.7354751655998,311.885,"TRUE","FALSE","FALSE","3",298.913333333333,12.8632901190993,1114.43518920033,13.8391171837507
"3","2016_during-bleaching","North","3","IMG_7016.JPG","Pa","1","b",112.694131820203,27.945,90,53.1862870594181,14.6679323197026,11.2523647873603,268.279,"TRUE","FALSE","FALSE","4",300.767,11.9785902798735,899.944554680171,12.8471368459126
"3","2016_during-bleaching","North","3","IMG_7016.JPG","Pa","2","bb",8.07090026307874,35.625,190,11.7716039326123,4.34891460831807,2.89193960773622,268.279,"FALSE","TRUE","FALSE","4",300.767,3.20564960289881,17.2483188155828,3.5463782097314
"3","2016_during-bleaching","North","3","IMG_7016.JPG","Pa","3",NA,113.784106845459,16.919,74,59.621068800766,13.5947760226355,12.074097224762,268.279,"FALSE","FALSE","FALSE","4",300.767,12.0363792063066,913.032438428563,12.8118947640918
"4","2016_during-bleaching","North","4","IMG_7019.JPG","Pa","1",NA,66.0982704663108,23.528,95,36.3952122134246,11.247005478283,8.61705034761882,278.148,"FALSE","FALSE","FALSE","4",290.00875,9.1738177328911,404.248990478182,9.84459305742544
"4","2016_during-bleaching","North","4","IMG_7019.JPG","Pa","2","bb",15.7624257370104,29.249,146,16.5877064054102,6.41518574870586,3.77281719948105,278.148,"FALSE","TRUE","FALSE","4",290.00875,4.47988211555984,47.075872771382,4.9196873000815
"5","2016_during-bleaching","North","5","IMG_7029.JPG","Pa","1",NA,18.5294385509285,14.914,58,27.9493472398365,6.38516462479268,4.75910704037487,268.794,"FALSE","FALSE","FALSE","4",301.01025,4.8572022713474,60.0008206775747,5.51250232832635
"5","2016_during-bleaching","North","5","IMG_7029.JPG","Pa","2","b",215.014991307007,26.844,62,90.98580530065,19.3527296827932,16.1875882964118,268.794,"TRUE","FALSE","FALSE","4",301.01025,16.5458632184292,2371.73909071832,17.6995485964136
"5","2016_during-bleaching","North","5","IMG_7029.JPG","Pa","3","b",70.4811766812106,21.6,67,42.0939486279952,13.8776669565239,9.12198172653589,268.794,"TRUE","FALSE","FALSE","4",301.01025,9.47308932239019,445.116321498848,11.2513032304868
"5","2016_during-bleaching","North","5","IMG_7029.JPG","Pa","4",NA,24.7309344838409,23.337,69,27.7230426538631,8.32058044535028,5.14593772138989,268.794,"FALSE","FALSE","FALSE","4",301.01025,5.61145291017226,92.5176495204192,6.54348445230728
"5","2016_during-bleaching","North","5","IMG_7029.JPG","Pa","5","b",172.220365074816,24.274,92,68.2788376807766,17.1447650038495,13.8747766894981,268.794,"TRUE","FALSE","FALSE","4",301.01025,14.808030902925,1700.16299209393,15.4233519645483
"5","2016_during-bleaching","North","5","IMG_7029.JPG","Pa","6",NA,39.2021953260456,26.238,75,34.6811445789637,8.33705828954329,7.02766766247993,268.794,"FALSE","FALSE","FALSE","4",301.01025,7.06496888383475,184.641526771016,7.65441538862594
"5","2016_during-bleaching","North","5","IMG_7029.JPG","Pa","7",NA,16.2095338613072,16.386,54,14.9679288329882,4.88840496295392,4.38509984294555,278.148,"FALSE","FALSE","FALSE","4",301.01025,4.54297474282435,49.0930019499165,4.62991834002539
"5","2016_during-bleaching","North","5","IMG_7029.JPG","Pa","8",NA,11.1094960065308,22.786,67,12.7617913343482,4.13068990175584,3.69964145739223,268.279,"FALSE","FALSE","FALSE","4",301.01025,3.76099051282936,27.8551393885854,3.90922902989417
"6","2016_during-bleaching","North","6","IMG_7032.JPG","Pa","1","b",34.6644039501558,30.556,99,27.9204166051923,7.9662394293302,6.75632952153009,287.028,"TRUE","FALSE","FALSE","4",320.25525,6.64349982343736,153.528641014948,7.33638457497701
"6","2016_during-bleaching","North","6","IMG_7032.JPG","Pa","2","b",15.0511744094326,25.854,91,18.177032226638,5.68306062117639,3.75294394080971,287.028,"TRUE","FALSE","FALSE","4",320.25525,4.37764211109079,43.9257699440693,4.61824727829706
"6","2016_during-bleaching","North","6","IMG_7032.JPG","Pa","3","b",138.657615800623,32.402,54,73.7735915336282,16.4897218702894,13.2268557658305,287.028,"TRUE","FALSE","FALSE","4",320.25525,13.2869996468747,1228.22912811958,14.7684519431449
"6","2016_during-bleaching","North","6","IMG_7032.JPG","Pa","4","b",116.726795952766,28.932,91,41.2248979524926,15.519370876824,10.5631991981396,287.028,"TRUE","FALSE","FALSE","4",320.25525,12.1910283625827,948.679786755716,12.8036793931158
"6","2016_during-bleaching","North","6","IMG_7032.JPG","Pa","5","b",127.294890752523,31.88,92,60.5933548318099,15.4342824981011,12.2173485056061,287.028,"TRUE","FALSE","FALSE","4",320.25525,12.7309421783643,1080.38926251438,13.731933884682
"6","2016_during-bleaching","North","6","IMG_7032.JPG","Pa","6",NA,64.282174568497,19.953,80,67.0268481156827,13.5142515228088,7.905631523605,287.028,"FALSE","FALSE","FALSE","4",320.25525,9.04691144436483,387.703427181596,10.3362804168929
"7","2016_during-bleaching","North","7","IMG_7047.JPG","Pa","1","b",99.942131230111,29.319,67,47.4828717271898,14.5122890100861,10.373651896564,317.969,"TRUE","FALSE","FALSE","4",309.138,11.2805263027612,751.599893396855,12.2696957750779
"7","2016_during-bleaching","North","7","IMG_7047.JPG","Pa","2","b",66.3361435785709,31.18,71,42.5076179570289,11.9630068124915,8.96664272913715,317.969,"TRUE","FALSE","FALSE","4",309.138,9.19031018244031,406.433157195975,10.3570269891434
"7","2016_during-bleaching","North","7","IMG_7047.JPG","Pa","3",NA,13.8594876835424,20.338,66,14.8129961376473,4.84938765211653,4.17079103830652,317.969,"FALSE","FALSE","FALSE","4",309.138,4.20076752373375,38.8136571710752,4.49730836842682
"7","2016_during-bleaching","North","7","IMG_7047.JPG","Pa","4","b",141.741383401254,24.88,89,55.9962541001106,18.7010978915565,11.0727894985411,317.969,"TRUE","FALSE","FALSE","4",309.138,13.4339396482173,1269.43012684485,14.3900424024676
"7","2016_during-bleaching","North","7","IMG_7047.JPG","Pa","5",NA,139.053197379433,23.646,80,66.282663405987,16.4389366561212,12.5766809644884,317.969,"FALSE","FALSE","FALSE","4",309.138,13.305939640828,1233.48896746325,14.3787086248894
"7","2016_during-bleaching","North","7","IMG_7047.JPG","Pa","6","b",62.0155830164458,31.067,61,33.9627609675938,10.8421481668381,8.54456585731939,317.969,"TRUE","FALSE","FALSE","4",309.138,8.88598293304377,367.379608177931,9.62504280750807
"7","2016_during-bleaching","North","7","IMG_7047.JPG","Pa","7",NA,11.6568284480681,26.955,77,14.0582199535483,5.2513440599344,2.97252359787538,317.969,"FALSE","FALSE","FALSE","4",309.138,3.85252319217862,29.93880129562,3.95091687317232
"8","2016_during-bleaching","North","8","IMG_7054.JPG","Pa","1","b",148.292739360838,30.489,50,50.5940085290826,15.4854544523084,12.8001130173298,317.068,"TRUE","FALSE","FALSE","4",322.0745,13.7408944378204,1358.44991830166,14.0789050396066
"8","2016_during-bleaching","North","8","IMG_7054.JPG","Pa","2","b",61.4641673839335,41.964,69,71.4715384173538,13.1309991942858,9.98104475827798,317.068,"TRUE","FALSE","FALSE","4",322.0745,8.84638957413957,362.490646352266,11.4481915899009
"8","2016_during-bleaching","North","8","IMG_7054.JPG","Pa","3","b",61.0968746869656,31.166,66,45.5680595638587,11.8430363161318,8.43280048560193,317.068,"TRUE","FALSE","FALSE","4",322.0745,8.81991819186399,359.246291011735,9.9934960047862
"8","2016_during-bleaching","North","8","IMG_7054.JPG","Pa","5","b",29.8133699381337,38.755,97,39.7916010115672,9.30970939953334,4.92100430179974,317.068,"TRUE","FALSE","FALSE","4",322.0745,6.1611331398575,122.456094357778,6.7685389858971
"8","2016_during-bleaching","North","8","IMG_7054.JPG","Pa","6","b",48.4980603649883,44.553,118,40.1159048605214,11.0906017086109,7.81387536113539,317.068,"TRUE","FALSE","FALSE","4",322.0745,7.858094444562,254.068225817431,9.30916641977577
"8","2016_during-bleaching","North","8","IMG_7054.JPG","Pa","7","b",122.786623412344,31.191,95,74.4175338314582,15.7321675575061,11.0079810727021,317.068,"TRUE","FALSE","FALSE","4",322.0745,12.5034708978388,1023.50598165342,13.1597645383801
"8","2016_during-bleaching","North","8","IMG_7054.JPG","Pa","8","b",82.6861658906293,32.969,77,46.6469403818061,12.6145348358842,10.1404799200185,317.068,"TRUE","FALSE","FALSE","4",322.0745,10.2605699751272,565.604794063849,11.3100591158339
"8","2016_during-bleaching","North","8","IMG_7054.JPG","Pa","9","b",10.986968155756,29.636,75,15.4110306776848,5.37465710573175,3.07137013330767,317.068,"TRUE","FALSE","FALSE","4",322.0745,3.74019282025065,27.3955862749873,4.06294982879611
"8","2016_during-bleaching","North","8","IMG_7054.JPG","Pa","10","b",34.5255135149815,29.677,77,34.4578661148275,8.60133292142035,6.56652420480355,317.068,"TRUE","FALSE","FALSE","4",322.0745,6.63017715521711,152.606847319447,7.51537496217457
"8","2016_during-bleaching","North","8","IMG_7054.JPG","Pa","11","b",81.1919305092639,40.501,64,75.4978739391042,13.4512356613144,10.9005835606358,317.068,"TRUE","FALSE","FALSE","4",322.0745,10.1674370732149,550.342562870516,12.108935474267
"8","2016_during-bleaching","North","8","IMG_7054.JPG","Pa","12","b",47.8695174819882,41.503,112,28.8045778228329,9.91037787841012,7.23708334562345,317.068,"TRUE","FALSE","FALSE","4",322.0745,7.80700727842997,249.145114264541,8.4688978440336
"8","2016_during-bleaching","North","8","IMG_7054.JPG","Pa","13","b",59.5775747121063,38.045,72,34.7846228124238,10.6974007566572,7.60889173157142,287.028,"TRUE","FALSE","FALSE","4",322.0745,8.70956509263622,345.929843344325,9.02193793852713
"8","2016_during-bleaching","North","8","IMG_7054.JPG","Pa","14","b",17.8459905676366,39.603,105,16.1766920386432,5.6013437884713,4.41730096608083,0,"TRUE","FALSE","FALSE","4",322.0745,4.7667830772635,56.7119772232095,4.97421564954367
"8","2016_during-bleaching","North","8","IMG_7054.JPG","Pa","15","b",56.0502151892572,38.961,60,31.315704906784,10.9714367328056,7.45169207745413,0,"TRUE","FALSE","FALSE","4",322.0745,8.44780151695562,315.667395267664,9.04188963547647
"8","2016_during-bleaching","North","8","IMG_7054.JPG","Pa","16","b",77.2828179470466,29.204,76,46.0536614975728,12.7368357321055,9.42316141141258,0,"TRUE","FALSE","FALSE","4",322.0745,9.91965422475744,511.079221033053,10.9554214421115
"8","2016_during-bleaching","North","8","IMG_7054.JPG","Pa","17","b",30.3831074287059,29.815,118,26.8340089016672,8.67988617540352,5.29185017752104,0,"TRUE","FALSE","FALSE","4",322.0745,6.21972458153615,125.98304009185,6.77736358757382
"9","2016_during-bleaching","North","9","IMG_7058.JPG","Pa","1","b",208.711680126395,38.306,79,63.2393452241445,18.872429676327,15.4653886197061,318.567,"TRUE","FALSE","FALSE","4",313.6035,16.3015325839334,2268.2135028186,17.0841874007068
"9","2016_during-bleaching","North","9","IMG_7058.JPG","Pa","2","b",52.3085796319935,39.897,129,36.7422876339071,10.4411781118514,6.86924731388521,318.567,"TRUE","FALSE","FALSE","4",313.6035,8.16096514613207,284.592330146915,8.46894531205819
"9","2016_during-bleaching","North","9","IMG_7058.JPG","Pa","3","bb",2.6833516376804,29.561,234,6.61813404506008,2.6840261667998,1.47485598853329,318.567,"FALSE","TRUE","FALSE","4",313.6035,1.84839103479879,3.30658874020075,1.98961103371607
"9","2016_during-bleaching","North","9","IMG_7058.JPG","Pa","4","b",39.8059302432408,38.341,108,29.082838680053,8.70618472051492,6.18877021461814,318.567,"TRUE","FALSE","FALSE","4",313.6035,7.11916318823101,188.923275507314,7.34033900315825
"9","2016_during-bleaching","North","9","IMG_7058.JPG","Pa","5","bb",10.9632047584199,44.478,235,12.9270559799237,4.50109772371801,3.42926657387434,318.567,"FALSE","TRUE","FALSE","4",313.6035,3.73614585307492,27.3067546630545,3.92879930381892
"9","2016_during-bleaching","North","9","IMG_7058.JPG","Pa","6","b",38.6467711424619,42.19,82,60.6204012391443,11.6543023276207,8.22714032209462,318.567,"TRUE","FALSE","FALSE","4",313.6035,7.01474142751621,180.731404381843,9.79191404197614
"9","2016_during-bleaching","North","9","IMG_7058.JPG","Pa","8","b",83.3791275640132,43.679,90,68.195444247274,17.3593088087346,9.18937448083328,318.567,"TRUE","FALSE","FALSE","4",313.6035,10.3034752593491,572.729852001282,12.6301698077219
"9","2016_during-bleaching","North","9","IMG_7058.JPG","Pa","10",NA,15.7615133519075,29.785,62,14.4508910136526,4.83776488463936,4.14536189806555,318.567,"FALSE","FALSE","FALSE","4",313.6035,4.47975245795121,47.0717854528257,4.47820122645058
"9","2016_during-bleaching","North","9","IMG_7058.JPG","Pa","11","b",41.3728286417499,31.091,72,25.9524845864284,8.70223068301215,7.40629489147921,318.567,"TRUE","FALSE","FALSE","4",313.6035,7.25792818263088,200.187345996076,8.02815586869528
"9","2016_during-bleaching","North","9","IMG_7058.JPG","Pa","12","b",27.5910370172254,35.688,84,20.3130385981024,7.25052494630959,5.32289977630989,318.567,"TRUE","FALSE","FALSE","4",313.6035,5.92705655537241,109.022424548312,6.21239226182963
"9","2016_during-bleaching","North","9","IMG_7058.JPG","Pa","13","b",22.1114682504729,41.777,42,18.4062677871899,6.36246087814709,4.89155892711657,318.567,"TRUE","FALSE","FALSE","4",313.6035,5.30595851554252,78.2150221698299,5.57874110413185
"9","2016_during-bleaching","North","9","IMG_7058.JPG","Pa","14","b",26.2539368264146,39.479,86,20.2751882552331,7.85880897375189,4.89350405846873,318.567,"TRUE","FALSE","FALSE","4",313.6035,5.78165638657036,101.194161016703,6.20137997608479
"9","2016_during-bleaching","North","9","IMG_7058.JPG","Pa","15","b",29.7263300976077,36.108,105,21.0968627582281,7.23113740758633,5.66138451898656,318.567,"TRUE","FALSE","FALSE","4",313.6035,6.15213288219014,121.920221906887,6.39830050669503
"9","2016_during-bleaching","North","9","IMG_7058.JPG","Pa","16","bb",10.414129394893,35.221,185,13.9343151463552,5.43444189876707,2.83702190823763,318.567,"FALSE","TRUE","FALSE","4",313.6035,3.64138454019439,25.2812331854316,3.92652909397685
"9","2016_during-bleaching","North","9","IMG_7058.JPG","Pa","17","b",53.0945708468199,30.751,79,32.7913432088609,10.1028846935701,7.66343487875614,318.567,"TRUE","FALSE","FALSE","4",313.6035,8.22205006144537,291.030812995674,8.79902261258353
"9","2016_during-bleaching","North","9","IMG_7058.JPG","Pa","18","b",69.7559577111742,33.166,99,40.035012364339,12.6076399019781,8.29793034835389,318.567,"TRUE","FALSE","FALSE","4",313.6035,9.42422643184791,438.263960293675,10.2282607399177
"9","2016_during-bleaching","North","9","IMG_7058.JPG","Pa","19",NA,54.2059400548474,15.792,66,28.6761786778528,10.4179959726215,7.80750214841352,318.567,"FALSE","FALSE","FALSE","4",313.6035,8.30765589305283,300.216198223415,9.0187873873601
"10","2016_during-bleaching","North","10","IMG_7061.JPG","Pa","1","b",106.412858605547,34.903,90,49.3210207588753,15.2320273079227,10.0090113013149,321.116,"TRUE","FALSE","FALSE","4",319.32125,11.6399767888469,825.762136135609,12.3473694958455
"10","2016_during-bleaching","North","10","IMG_7061.JPG","Pa","2","b",6.59140889993901,35.626,109,9.89433055269576,3.77892169719366,2.15826538321518,321.116,"TRUE","FALSE","FALSE","4",319.32125,2.89697125752425,12.7300814198086,2.85585641882323
"10","2016_during-bleaching","North","10","IMG_7061.JPG","Pa","3","b",80.0334929470797,35.713,83,40.7546632114211,12.6746340871458,8.21802495136168,321.116,"TRUE","FALSE","FALSE","4",319.32125,10.0946425456033,538.606335317889,10.2059031534472
"10","2016_during-bleaching","North","10","IMG_7061.JPG","Pa","4","b",47.8217944917164,26.998,78,31.3060593367964,9.53384718367475,7.56182058037165,321.116,"TRUE","FALSE","FALSE","4",319.32125,7.80311475290807,248.7726334059,8.49077392489224
"10","2016_during-bleaching","North","10","IMG_7061.JPG","Pa","5","b",195.181611048499,32.961,119,63.6544545657391,18.3312259988961,14.941567465366,321.116,"TRUE","FALSE","FALSE","4",319.32125,15.7642933743339,2051.26678522911,16.5498413885263
"10","2016_during-bleaching","North","10","IMG_7061.JPG","Pa","6","b",140.244703988853,44.709,68,78.9265668977558,19.676798835029,10.9945391983778,321.116,"TRUE","FALSE","FALSE","4",319.32125,13.3628254144954,1249.37699647375,14.7084103862491
"10","2016_during-bleaching","North","10","IMG_7061.JPG","Pa","7","b",11.9108259321171,22.375,85,17.9837702627057,5.02948049965356,4.17460472799728,321.116,"TRUE","FALSE","FALSE","4",319.32125,3.89426945488221,30.9226437399085,4.58214939446804
"10","2016_during-bleaching","North","10","IMG_7061.JPG","Pa","8","b",60.640765735743,17.232,75,36.8926277220824,11.3447507799747,7.46201513366242,321.116,"TRUE","FALSE","FALSE","4",319.32125,8.78693467358038,355.230964717243,9.20079898746842
"11","2016_during-bleaching","Northwest","1","IMG_6137.JPG","Pa","1","b",11.1659871921553,27.965,101,12.7965517984526,4.54979849572207,3.22620633176009,0,"TRUE","FALSE","FALSE","4",290.00625,3.77054060435084,28.0678720637886,3.83126463653075
"11","2016_during-bleaching","Northwest","1","IMG_6137.JPG","Pa","2","b",14.1587238296438,40.382,87,14.0579384064999,4.97127217085839,4.04774035042348,0,"TRUE","FALSE","FALSE","4",290.00625,4.24587412471055,40.0774394314715,4.48580193041566
"11","2016_during-bleaching","Northwest","1","IMG_6137.JPG","Pa","3","b",4.33750625886299,25.461,105,7.81345229628672,2.82204262839163,2.15202258572013,0,"TRUE","FALSE","FALSE","4",290.00625,2.35003925378293,6.79553998123812,2.46436593755144
"12","2016_during-bleaching","Northwest","2","IMG_6138.JPG","Pa","1","b",11.8716675658918,41.106,90,13.2838073632433,4.7072502311611,3.47469172255322,0,"TRUE","FALSE","FALSE","4",299.30425,3.8878627299383,30.7702759144321,4.04428527853837
"12","2016_during-bleaching","Northwest","2","IMG_6138.JPG","Pa","2","b",0.993491690986716,36.289,98,3.83188678410013,1.42259924474845,0.995876269715515,0,"TRUE","FALSE","FALSE","4",299.30425,1.12470125292457,0.744920899748604,1.1902658649059
"12","2016_during-bleaching","Northwest","2","IMG_6138.JPG","Pa","3","b",15.8724251170114,32.989,126,15.302154914272,5.8005190370668,4.10241418222428,0,"TRUE","FALSE","FALSE","4",299.30425,4.49548655095603,47.5695157630541,4.87812787469996
"13","2016_during-bleaching","Northwest","3","IMG_6145.JPG","Pa","3",NA,24.1149488287935,24.215,130,18.3053270821237,6.1459552795172,5.357758188637,0,"FALSE","FALSE","FALSE","2",264.3755,5.541128627643,89.082688872916,5.73833967501315
"13","2016_during-bleaching","Northwest","3","IMG_6145.JPG","Pa","4","bbpm",27.487178694677,30.682,132,20.6267978689402,7.69375377067845,4.99997163125933,0,"FALSE","TRUE","TRUE","2",264.3755,5.91589070954363,108.407430047604,6.20230203966936
"13","2016_during-bleaching","Northwest","3","IMG_6145.JPG","Pa","1","bb",29.6661800038584,40.172,232,20.7937195390647,7.31206182115968,5.37137518416041,0,"FALSE","TRUE","FALSE","2",264.3755,6.1459054273674,121.550357796648,6.26704295591021
"13","2016_during-bleaching","Northwest","3","IMG_6145.JPG","Pa","2","bb",26.3640558925054,36.094,163,20.0986853925572,7.14933872465489,5.61190428008647,0,"FALSE","TRUE","FALSE","2",264.3755,5.79376893929556,101.831498762567,6.33414592416995
"14","2016_during-bleaching","Northwest","4","IMG_6152.JPG","Pa","1","bbpm",186.034867663839,47.76,116,92.9715130579802,25.8805031973089,17.6213495506688,0,"FALSE","TRUE","TRUE","4",298.6105,15.3904824553739,1908.77757791208,21.3553130013817
"14","2016_during-bleaching","Northwest","4","IMG_6152.JPG","Pa","2","bb",14.2853569018228,49.16,235,14.3172460445966,5.13729423446262,3.48279782526067,0,"FALSE","TRUE","FALSE","4",298.6105,4.26481902524084,40.6163079314997,4.22991219619398
"14","2016_during-bleaching","Northwest","4","IMG_6152.JPG","Pa","3","b",305.136703770801,42.633,90,84.396998765951,23.399880446267,20.5944198211382,0,"TRUE","FALSE","FALSE","4",298.6105,19.7107107378482,4009.64086901781,21.9523794080474
"14","2016_during-bleaching","Northwest","4","IMG_6152.JPG","Pa","4",NA,101.255793998413,33.033,67,37.2889767774409,13.3930320601586,9.6190522436418,0,"FALSE","FALSE","FALSE","4",298.6105,11.3544212116839,766.467290120978,11.3502544062869
"14","2016_during-bleaching","Northwest","4","IMG_6152.JPG","Pa","5","b",12.0255834556639,35.57,111,14.2868050520662,4.69819380095476,3.93298293261623,0,"TRUE","FALSE","FALSE","4",298.6105,3.9129845903433,31.3706151679333,4.29859465794095
"14","2016_during-bleaching","Northwest","4","IMG_6152.JPG","Pa","6",NA,31.9833642238252,24.72,103,26.0119118383312,8.72534622861554,6.63948521569067,0,"FALSE","FALSE","FALSE","4",298.6105,6.38141709210753,136.066124747346,7.61129471815901
"14","2016_during-bleaching","Northwest","4","IMG_6152.JPG","Pa","7","b",51.431995044316,35.292,131,31.0832673331983,10.9246325899458,6.896040159338,0,"TRUE","FALSE","FALSE","4",298.6105,8.09229571599098,277.468608774658,8.67967194462318
"15","2016_during-bleaching","Northwest","5","IMG_6153.JPG","Pa","1","bb",8.49824654837643,52.23,240,11.5726792564534,3.97282175636302,3.20170449167288,0,"FALSE","TRUE","FALSE","4",290.5265,3.28942298379244,18.6362183454428,3.56648303822732
"15","2016_during-bleaching","Northwest","5","IMG_6153.JPG","Pa","7",NA,40.1655589687798,21.253,72,23.4846390948846,8.64217205659381,6.53455020454244,0,"FALSE","FALSE","FALSE","4",290.5265,7.15125010158662,191.489305103847,7.51483247851248
"15","2016_during-bleaching","Northwest","5","IMG_6153.JPG","Pa","2","bb",13.5808448604544,36.683,96,13.7030184854049,5.11753661025758,3.57247961889879,0,"FALSE","TRUE","FALSE","4",290.5265,4.15832523105682,37.6490465615305,4.27578007375422
"15","2016_during-bleaching","Northwest","5","IMG_6153.JPG","Pa","3","b",26.6048549407976,35.048,135,19.4895474251058,6.65309360763992,5.40966142503352,0,"TRUE","FALSE","FALSE","4",290.5265,5.82016781481137,103.229813629437,5.99924860681625
"15","2016_during-bleaching","Northwest","5","IMG_6153.JPG","Pa","4","b",201.080147627226,42.781,59,67.003836138872,22.3473590188847,14.230130470026,0,"TRUE","FALSE","FALSE","4",290.5265,16.0007248467114,2144.95207621291,17.832718090612
"15","2016_during-bleaching","Northwest","5","IMG_6153.JPG","Pa","5","b",374.344620855626,39.972,97,70.5031382679377,24.7071781747964,19.9309185220625,0,"TRUE","FALSE","FALSE","4",290.5265,21.8318660364219,5448.42774265013,22.1909160494097
"15","2016_during-bleaching","Northwest","5","IMG_6153.JPG","Pa","6",NA,178.533078052132,30.86,50,49.8681875835767,17.6258964328555,12.7010789033014,0,"FALSE","FALSE","FALSE","4",290.5265,15.0769816282724,1794.49329188728,14.9622157896188
"16","2016_during-bleaching","Northwest","6","IMG_6154.JPG","Pa","1","b",142.320751388562,44.147,238,49.7228323155326,17.7506217447164,11.2201389141183,0,"TRUE","FALSE","FALSE","4",302.777,13.4613672672704,1277.22126946355,14.1125632607152
"16","2016_during-bleaching","Northwest","6","IMG_6154.JPG","Pa","2","bpm",106.528671197857,51.521,103,50.2953989239605,17.5576744600812,10.7120421960717,0,"TRUE","FALSE","TRUE","4",302.777,11.6463091499926,827.110558738769,13.7141733138122
"16","2016_during-bleaching","Northwest","6","IMG_6154.JPG","Pa","3","b",94.5078031099144,45.27,101,35.1784316510171,11.7737807032899,10.0472294791216,0,"TRUE","FALSE","FALSE","4",302.777,10.969552051273,691.138843643777,10.8762988448648
"17","2016_during-bleaching","Northwest","7","IMG_6161.JPG","Pa","1","bpm",398.965464742208,47.077,117,94.529717426137,33.6416471578723,20.1205967944014,0,"TRUE","FALSE","TRUE","4",300.5055,22.5383807469264,5994.69036615622,26.0171101001451
"18","2016_during-bleaching","Northwest","8","\IMG_6165.JPG","Pa","1",NA,107.990449116813,NA,NA,NA,NA,NA,0,"FALSE","FALSE","FALSE","4",272.611,11.7259417647043,844.19314499201,NA
"19","2016_during-bleaching","Northwest","9","IMG_6179.JPG","Pa","1","bbpm",42.9801751195031,45.264,136,27.3524206077835,9.58412396847885,7.05514957299867,0,"FALSE","TRUE","TRUE","4",321.33975,7.397571128539,211.965935042391,8.22298170518334
"19","2016_during-bleaching","Northwest","9","IMG_6179.JPG","Pa","2","bpm",569.843462813311,43.414,121,98.5808634008087,31.1487140946615,25.8284572636905,0,"TRUE","FALSE","TRUE","4",321.33975,26.9359839464373,10232.8629108811,28.3641187208924
"19","2016_during-bleaching","Northwest","9","IMG_6179.JPG","Pa","3",NA,36.8606256145316,34.349,92,22.898816595208,8.35094319952636,6.07786618368876,0,"FALSE","FALSE","FALSE","4",321.33975,6.85072304038775,168.347958120386,7.12431858315635
"20","2016_during-bleaching","Northwest","10","IMG_6209.JPG","Pa","1","bb",9.38217808840857,34.35,202,12.223454149797,4.76891734893,2.65784256277694,0,"FALSE","TRUE","FALSE","4",320.41025,3.45626390165878,21.6181889639337,3.5602010488667
"20","2016_during-bleaching","Northwest","10","IMG_6209.JPG","Pa","2","b",21.5618660885602,38.293,96,20.6548635694395,6.86086041254922,4.94278819107691,0,"TRUE","FALSE","FALSE","4",320.41025,5.23960118350996,75.3170527175357,5.82338216398129
"20","2016_during-bleaching","Northwest","10","IMG_6209.JPG","Pa","3","b",138.307253610167,50.088,61,52.267741122514,18.288553502892,12.1947097510145,0,"TRUE","FALSE","FALSE","4",320.41025,13.2702021318509,1223.57680780539,14.9339747466529
"20","2016_during-bleaching","Northwest","10","IMG_6209.JPG","Pa","4","b",10.8189215145301,31.892,82,13.1145305120545,5.07602362908178,2.83127646509436,0,"TRUE","FALSE","FALSE","4",320.41025,3.7114793147323,26.7694689392605,3.79099277726588
"20","2016_during-bleaching","Northwest","10","IMG_6209.JPG","Pa","5","b",668.048678739604,46.268,76,124.341122045877,35.2190355957714,29.328899434397,0,"TRUE","FALSE","FALSE","4",320.41025,29.1648074840096,12989.0074035917,32.1393147587939
"21","2016_post-bleaching","North","1","IMG_5141.JPG","Pa","1",NA,179.889537946161,23.748,79,68.7978168658596,21.9286637633705,13.9783106069729,0,"FALSE","FALSE","FALSE","4",313.49425,15.1341492459004,1814.98341003551,17.5078746077376
"21","2016_post-bleaching","North","1","IMG_5141.JPG","Pa","2",NA,6.92927747938751,18.584,77,10.0338682447924,3.70695794260979,2.64757647070082,0,"FALSE","FALSE","FALSE","4",313.49425,2.97029124888435,13.7213148387441,3.13280299839157
"21","2016_post-bleaching","North","1","IMG_5141.JPG","Pa","3",NA,3.11359604800672,23.204,68,7.37720069825842,2.37532267338237,1.96408706060797,0,"FALSE","FALSE","FALSE","4",313.49425,1.99106846056415,4.13292192674891,2.15993993609985
"21","2016_post-bleaching","North","1","IMG_5141.JPG","Pa","4",NA,1.87324520404588,18.133,77,5.35084774282144,1.93716471673723,1.39801607206512,0,"FALSE","FALSE","FALSE","4",313.49425,1.54437361761223,1.92866031496473,1.64565713568657
"22","2016_post-bleaching","North","2","IMG_5143.JPG","Pa","1",NA,16.3846324895417,20.171,59,24.4199188788746,6.19742542403684,5.01233641062431,313.517,"FALSE","FALSE","FALSE","4",315.02275,4.56744589586313,49.8906149463886,5.57347118993439
"22","2016_post-bleaching","North","2","IMG_5143.JPG","Pa","2",NA,58.1251387388827,19.772,63,39.9483529364149,11.1192286906263,8.49471982579036,313.517,"FALSE","FALSE","FALSE","4",315.02275,8.60274521217286,333.357172661871,9.71878245490454
"22","2016_post-bleaching","North","2","IMG_5143.JPG","Pa","3",NA,89.6398608243941,21.447,56,57.7116414608151,14.7654415435076,10.0128324065484,313.517,"FALSE","FALSE","FALSE","4",315.02275,10.6833054616151,638.433343149111,12.1591073514395
"22","2016_post-bleaching","North","2","IMG_5143.JPG","Pa","4",NA,53.1966493473483,20.96,76,36.8934942000221,10.6220582481741,8.06763955936516,313.517,"FALSE","FALSE","FALSE","4",315.02275,8.2299500360849,291.870510810537,9.25715600629322
"22","2016_post-bleaching","North","2","IMG_5143.JPG","Pa","5",NA,191.196367640259,15.572,48,83.7669660365799,19.8215525704096,14.4582891235633,313.517,"FALSE","FALSE","FALSE","4",315.02275,15.6025246703635,1988.76402866069,16.9288433728029
"22","2016_post-bleaching","North","2","IMG_5143.JPG","Pa","6",NA,163.889654489331,20.608,108,69.1166907786819,17.3869982406033,13.7052641436214,313.517,"FALSE","FALSE","FALSE","4",315.02275,14.4454418094013,1578.30564472568,15.4367549553702
"23","2016_post-bleaching","North","3","IMG_5144.JPG","Pa","1",NA,78.9807897834555,21.005,83,56.2304857131159,12.1568965652416,10.716892244462,319.077,"FALSE","FALSE","FALSE","4",286.98525,10.0280339462285,528.014694032284,11.4142082737597
"24","2016_post-bleaching","North","4","IMG_5149.JPG","Pa","1",NA,29.3524282945753,22.145,103,28.7470974690361,11.1335875067313,4.46359504577275,306.452,"FALSE","FALSE","FALSE","4",290.15625,6.11331926523199,119.627176916379,7.04952665338058
"24","2016_post-bleaching","North","4","IMG_5149.JPG","Pa","2",NA,35.2925178826771,22.034,95,22.4867808292946,7.44443726440495,6.14124286483576,306.452,"FALSE","FALSE","FALSE","4",290.15625,6.70341923211561,157.720362083014,6.7615158975443
"24","2016_post-bleaching","North","4","IMG_5149.JPG","Pa","3","pm",54.6664033598873,24.452,103,49.7553301023156,13.1924092622509,7.26163920301562,306.452,"FALSE","FALSE","TRUE","4",290.15625,8.34286680501683,304.049681293909,9.78767164758748
"24","2016_post-bleaching","North","4","IMG_5149.JPG","Pa","4",NA,59.9009514132295,17.267,90,30.8476553581045,10.8066602046311,7.76922778675283,306.452,"FALSE","FALSE","FALSE","4",290.15625,8.73317010635791,348.750132149609,9.16293646948488
"24","2016_post-bleaching","North","4","IMG_5149.JPG","Pa","5",NA,4.06339661685587,18.718,97,7.57195476575121,2.79139256865913,1.90680021540118,319.077,"FALSE","FALSE","FALSE","4",290.15625,2.2745718846684,6.16165846730471,2.30708212926816
"24","2016_post-bleaching","North","4","IMG_5149.JPG","Pa","7",NA,39.5946583522041,14.303,72,25.6052040926225,8.50789876144319,6.99816047388261,319.077,"FALSE","FALSE","FALSE","4",290.15625,7.10024540240017,187.421193949895,7.71619341567631
"25","2016_post-bleaching","North","5","IMG_5150.JPG","Pa","1",NA,27.568301556796,18.921,99,21.7254383553118,7.06218236620877,5.38859744419769,319.077,"FALSE","FALSE","FALSE","4",317.33675,5.92461405690671,108.887697952291,6.16889437816944
"25","2016_post-bleaching","North","5","IMG_5150.JPG","Pa","2",NA,109.574118110478,19.741,96,62.4775416020994,14.2121579048125,12.9928222936675,319.077,"FALSE","FALSE","FALSE","4",317.33675,11.811608707443,862.831071722738,13.5888204810709
"25","2016_post-bleaching","North","5","IMG_5150.JPG","Pa","3",NA,15.193250263633,13.375,68,16.4727533133178,5.74197599238033,4.11950396542474,319.077,"FALSE","FALSE","FALSE","4",317.33675,4.39825500041953,44.5491926297661,4.86354735455351
"25","2016_post-bleaching","North","5","IMG_5150.JPG","Pa","4",NA,41.457712761857,15.668,69,34.6602780799892,11.2247320866556,5.72139848284197,319.077,"FALSE","FALSE","FALSE","4",317.33675,7.26536986826328,200.803744738074,8.01381089937233
"25","2016_post-bleaching","North","5","IMG_5150.JPG","Pa","6",NA,19.5416975122898,16.565,77,20.1664320315879,7.54356373789043,4.0331288449888,319.077,"FALSE","FALSE","FALSE","4",317.33675,4.98811207210705,64.9841181803445,5.51581041237799
"25","2016_post-bleaching","North","5","IMG_5150.JPG","Pa","5",NA,11.7464678018637,19.063,77,13.6542017273448,4.39785180884344,3.87200663018072,319.077,"FALSE","FALSE","FALSE","4",317.33675,3.86730750216364,30.2848020360474,4.12656168770007
"27","2016_post-bleaching","North","7","IMG_5153.JPG","Pa","1",NA,104.218093646213,22.459,78,47.5041547490791,13.6181268028607,11.0150090564193,318.901,"FALSE","FALSE","FALSE","4",307.93075,11.5193141335442,800.347306073239,12.2476034416933
"27","2016_post-bleaching","North","7","IMG_5153.JPG","Pa","2","pm",94.5841870326579,31.331,74,46.1643080465332,14.0640062741379,10.6622674091496,318.901,"FALSE","FALSE","TRUE","4",307.93075,10.9739841095478,691.976910340588,12.2455786200088
"27","2016_post-bleaching","North","7","IMG_5153.JPG","Pa","3",NA,15.7802019330738,21.995,81,15.766759247006,5.48938357081909,4.31915292642908,318.901,"FALSE","FALSE","FALSE","4",307.93075,4.48240751439401,47.15553048231,4.86923886394937
"27","2016_post-bleaching","North","7","IMG_5153.JPG","Pa","4",NA,265.406481245822,24.841,71,65.9755155988806,22.3752580734467,16.71262126306,318.901,"FALSE","FALSE","FALSE","4",307.93075,18.3827644099355,3252.60321174127,19.3377665164501
"27","2016_post-bleaching","North","7","IMG_5153.JPG","Pa","5",NA,181.632096379441,18.477,50,69.2211479366708,22.7688205870963,12.6992838487225,319.077,"FALSE","FALSE","FALSE","4",307.93075,15.2072735131401,1841.41931227145,17.0043440195784
"27","2016_post-bleaching","North","7","IMG_5153.JPG","Pa","6",NA,144.210143202057,42.733,69,51.9475563905196,19.6740988030588,9.8723495461236,319.077,"FALSE","FALSE","FALSE","4",307.93075,13.550426453687,1302.7392928901,13.9366272960415
"27","2016_post-bleaching","North","7","IMG_5153.JPG","Pa","7",NA,35.3591265396043,12.857,46,27.0177953971794,9.49353060712514,5.74216767893431,0,"FALSE","FALSE","FALSE","4",307.93075,6.70974203509485,158.167078444681,7.38332205793622
"27","2016_post-bleaching","North","7","IMG_5153.JPG","Pa","8",NA,36.0646638712375,19.904,70,24.7274752521468,9.96850752969621,5.43268251059694,0,"FALSE","FALSE","FALSE","4",307.93075,6.7763527216668,162.924588786572,7.35905812678053
"27","2016_post-bleaching","North","7","IMG_5153.JPG","Pa","9",NA,30.4636044268376,19.153,86,21.3388562201079,7.19343553704851,5.68566146771636,0,"FALSE","FALSE","FALSE","4",307.93075,6.22795839994286,126.484040721773,6.39526694153561
"28","2016_post-bleaching","North","8","IMG_5154.JPG","Pa","1",NA,53.6340444355745,12.728,64,27.9538989578189,9.48925621901433,7.60445255793889,0,"FALSE","FALSE","FALSE","4",319.906,8.26371504345693,295.477639895796,8.49473947379324
"28","2016_post-bleaching","North","8","IMG_5154.JPG","Pa","2",NA,34.2339766947904,17.756,64,25.2901789900783,8.36542609391509,6.62847836551987,0,"FALSE","FALSE","FALSE","4",319.906,6.60212487774574,150.677992800562,7.44647875722959
"28","2016_post-bleaching","North","8","IMG_5154.JPG","Pa","3",NA,8.62322946572072,23.925,66,14.074634423862,5.53031202915857,2.28192031409226,0,"FALSE","FALSE","FALSE","4",319.906,3.31352331500491,19.0488479235353,3.55242612345503
"28","2016_post-bleaching","North","8","IMG_5154.JPG","Pa","4",NA,67.3735605282089,10.748,46,38.7709827261758,13.6955230598988,7.78891299319175,0,"FALSE","FALSE","FALSE","4",319.906,9.26189405759555,416.004519930181,10.3282736945631
"28","2016_post-bleaching","North","8","IMG_5154.JPG","Pa","5",NA,166.415137345885,21.492,29,54.653960851,18.2711171406601,12.6511850356042,0,"FALSE","FALSE","FALSE","4",319.906,14.5563159388395,1614.92754414138,15.2036602090974
"28","2016_post-bleaching","North","8","IMG_5154.JPG","Pa","6",NA,43.3848598615298,13.114,44,31.3415190712272,9.76027333029077,6.84382287296893,0,"FALSE","FALSE","FALSE","4",319.906,7.43231587181902,214.966655030328,8.17297876323392
"29","2016_post-bleaching","North","9","IMG_5164.JPG","Pa","1",NA,149.317577633854,14.959,46,53.4674728855052,16.2591412996373,13.4384937424294,327.954,"FALSE","FALSE","FALSE","4",304.01175,13.7882937511313,1372.55641508195,14.7816903164845
"29","2016_post-bleaching","North","9","IMG_5164.JPG","Pa","2",NA,30.3300653331221,20.403,77,22.5024526190188,7.96130412722535,5.62001304225906,327.954,"FALSE","FALSE","FALSE","4",304.01175,6.21429308743418,125.653276894032,6.68899342415563
"29","2016_post-bleaching","North","9","IMG_5164.JPG","Pa","3",NA,23.3999829822857,14.025,46,18.0165075856443,6.48136132896179,4.71198892805952,327.954,"FALSE","FALSE","FALSE","4",304.01175,5.45836822495295,85.1504823832986,5.52631005471292
"29","2016_post-bleaching","North","9","IMG_5164.JPG","Pa","4",NA,58.9267985934824,12.905,56,37.5807514018784,10.9342813230081,8.37273559327888,327.954,"FALSE","FALSE","FALSE","4",304.01175,8.66186643939204,340.277372745133,9.56816839421601
"29","2016_post-bleaching","North","9","IMG_5164.JPG","Pa","5",NA,23.3274903175697,18.2,70,20.044258157785,6.30080909701681,5.21275904631976,327.954,"FALSE","FALSE","FALSE","4",304.01175,5.44990671037187,84.7550973452386,5.73102081828431
"30","2016_post-bleaching","North","10","IMG_5168.JPG","Pa","1",NA,75.3165759575793,25.098,95,36.9068045598778,14.4981520883069,7.41045039229753,318.19,"FALSE","FALSE","FALSE","4",285.0515,9.79265249476563,491.699370298796,10.3652224689286
"30","2016_post-bleaching","North","10","IMG_5168.JPG","Pa","2",NA,12.273803261952,8.687,57,13.4082788548736,4.68490781490362,3.51048845559487,318.19,"FALSE","FALSE","FALSE","4",285.0515,3.95316223767969,32.3468903785723,4.05540562702985
"30","2016_post-bleaching","North","10","IMG_5168.JPG","Pa","3",NA,119.173916080202,18.108,62,45.3761513270409,16.063798997725,11.2535103305894,318.19,"FALSE","FALSE","FALSE","4",285.0515,12.3181550020392,978.668513650631,13.4452269586426
"30","2016_post-bleaching","North","10","IMG_5168.JPG","Pa","4",NA,52.5350285614103,13.88,52,29.9721278435651,11.3954495941961,6.85942715614547,318.19,"FALSE","FALSE","FALSE","4",285.0515,8.17861087521462,286.442370614707,8.84116827138336
"30","2016_post-bleaching","North","10","IMG_5168.JPG","Pa","6","pm",82.257742146029,22.83,68,38.6758533107175,13.668477450566,9.42998019656097,318.19,"FALSE","FALSE","TRUE","4",285.0515,10.2339537892719,561.214621288202,11.3531260750499
"30","2016_post-bleaching","North","10","IMG_5168.JPG","Pa","5",NA,38.1505692687506,24.175,93,28.7482437384122,9.93423995313128,5.49991843579143,318.19,"FALSE","FALSE","FALSE","4",285.0515,6.96956336129684,177.261873192068,7.39171897895222
"30","2016_post-bleaching","North","10","IMG_5168.JPG","Pa","7",NA,20.4296735333804,19.185,91,20.2718105324827,7.90102841065562,3.87449285479992,318.19,"FALSE","FALSE","FALSE","4",285.0515,5.10018315639049,69.4633845636691,5.53285442810999
"30","2016_post-bleaching","North","10","IMG_5168.JPG","Pa","8",NA,18.9675981021963,15.458,63,19.007863491334,7.10769808262717,4.2503898418356,318.19,"FALSE","FALSE","FALSE","4",285.0515,4.91429506362408,62.1415824816193,5.49640680165077
"31","2016_post-bleaching","Northwest","1","IMG_4152.JPG","Pa","1","pm",294.645979446054,27.603,85,61.6919337657926,20.9011730485742,18.5944523409855,302.576,"FALSE","FALSE","TRUE","4",303.227,19.3689161474756,3804.64884605429,19.7141032289679
"32","2016_post-bleaching","Northwest","2","IMG_4157.JPG","Pa","1",NA,70.1023669546512,26.401,65,30.6742414133162,10.697252065914,8.63872624483725,302.576,"FALSE","FALSE","FALSE","4",307.249,9.44759788444647,441.532649156968,9.61304489584078
"33","2016_post-bleaching","Northwest","3","IMG_4170.JPG","Pa","1",NA,216.522357074962,22.688,108,60.7466013542472,20.4207163450852,15.3631868944093,302.576,"FALSE","FALSE","FALSE","3",313.433666666667,16.6037594341495,2396.72341932512,17.7123482838178
"34","2016_post-bleaching","Northwest","4","IMG_4179.JPG","Pa","1",NA,96.9407287223672,26.753,83,44.15255485201,16.8877072433372,8.29769006916043,302.576,"FALSE","FALSE","FALSE","4",307.29275,11.1098501027134,717.997976635537,11.8376078953447
"38","2016_post-bleaching","Northwest","8","IMG_4191.JPG","Pa","1",NA,582.18081388823,27.963,63,96.3816231067522,33.0717303980385,24.6762307197385,302.576,"FALSE","FALSE","FALSE","4",287.535,27.2260102554266,10566.9738729557,28.5672128427501
"39","2016_post-bleaching","Northwest","9","IMG_4204.JPG","Pa","1",NA,381.141276779339,27.329,55,73.3749204967697,24.8763766611991,20.7730391992769,302.576,"FALSE","FALSE","FALSE","4",298.73,22.0291657973312,5597.48291891903,22.732310650681
"40","2016_post-bleaching","Northwest","10","IMG_4208.JPG","Pa","1","pm",349.410700605198,23.275,102,78.1021806245688,31.9442682816344,15.7501167320599,0,"FALSE","FALSE","TRUE","4",286.982,21.0922621206014,4913.24138993855,22.4304693298196
"40","2016_post-bleaching","Northwest","10","IMG_4208.JPG","Pa","2","pm",2210.15229731387,30.434,83,327.872305580141,79.5087496776801,54.4095796948938,0,"FALSE","FALSE","TRUE","4",286.982,53.0476512658882,78162.2588749387,65.7726208389866
