Observer.ID,Method.First,name,Time.ser.dm,Time.man.dm
Liam,SizeExtractR,618,4.35,8.933333333
Liam,SizeExtractR,620,3.666666667,7.716666667
Liam,SizeExtractR,622,3.75,6.433333333
Liam,SizeExtractR,624,5.15,7.183333333
Liam,SizeExtractR,626,2.35,5.4
Liam,SizeExtractR,628,3.066666667,5.6
Liam,SizeExtractR,631,3.233333333,6.5
Liam,SizeExtractR,633,4.2,6.783333333
Liam,SizeExtractR,635,2.033333333,3.533333333
Liam,SizeExtractR,638,0.966666667,2.7
Liam,Manual,621,2.55,6.216666667
Liam,Manual,625,3.716666667,6.866666667
Liam,Manual,627,3.65,8.016666667
Liam,Manual,630,2.366666667,4.95
Liam,Manual,639,2.066666667,3.766666667
Liam,Manual,641,3.85,6.016666667
Liam,Manual,642,3.433333333,5.816666667
Liam,Manual,645,3.35,5.366666667
Liam,Manual,647,2.95,4.666666667
Liam,Manual,648,1.383333333,3.083333333
Fiona,SizeExtractR,650,5.183333333,7.116666667
Fiona,SizeExtractR,651,6.383333333,11.21666667
Fiona,SizeExtractR,652,2.466666667,5.783333333
Fiona,SizeExtractR,653,6.25,12.08333333
Fiona,SizeExtractR,655,5.433333333,6.5
Fiona,SizeExtractR,656,3.466666667,5.766666667
Fiona,SizeExtractR,657,4.416666667,7.566666667
Fiona,SizeExtractR,658,3.016666667,6.45
Fiona,SizeExtractR,659,3.75,6.35
Fiona,SizeExtractR,660,3.216666667,4.666666667
Fiona,Manual,661,6,9.283333333
Fiona,Manual,662,5.266666667,7.133333333
Fiona,Manual,667,4.8,7.8
Fiona,Manual,668,3.616666667,6.366666667
Fiona,Manual,669,5.916666667,8.783333333
Fiona,Manual,673,3.216666667,6.05
Fiona,Manual,676,4.083333333,6.6
Fiona,Manual,678,4.3,7.666666667
Fiona,Manual,679,3.766666667,5.733333333
Fiona,Manual,680,4.983333333,7.6
